area,x_position_m,y_position_m,x_length,y_length
1,11.4737,19.365625,11.4737,19.365625
2,39.72381,19.365625,16.77641,19.365625